,RegionName,1/31/2022,2/28/2022,3/31/2022,4/30/2022,5/31/2022,6/30/2022,7/31/2022,8/31/2022,9/30/2022,10/31/2022,11/30/2022,12/31/2022,Average2022
0,30101.0,394262.0,402691.0,413677.0,422604.0,430893.0,435551.0,438354.0,438960.0,438542.0,437779.0,438268.0,437313.0,427407.8333333333
1,30102.0,339024.0,346569.0,354793.0,362075.0,367607.0,371967.0,375390.0,377550.0,378488.0,377565.0,377004.0,375624.0,366971.3333333333
2,30103.0,241944.0,246990.0,251456.0,256172.0,261579.0,267305.0,272040.0,276185.0,278774.0,281114.0,282722.0,283763.0,266670.3333333333
3,30005.0,631851.0,648160.0,661735.0,678134.0,694597.0,710132.0,720269.0,722424.0,723450.0,720814.0,723689.0,723950.0,696600.4166666666
4,30009.0,590272.0,604980.0,615806.0,629494.0,643785.0,657629.0,666250.0,667613.0,670995.0,672381.0,678503.0,682994.0,648391.8333333334
5,30318.0,373446.0,381301.0,386475.0,393117.0,397645.0,402303.0,403738.0,402300.0,402640.0,401324.0,401621.0,401219.0,395594.0833333333
6,30331.0,282515.0,288381.0,294012.0,300469.0,307927.0,314515.0,318857.0,320041.0,321569.0,321743.0,323244.0,322737.0,309667.5
7,30315.0,270622.0,277853.0,282079.0,285172.0,287159.0,289396.0,291225.0,291341.0,292775.0,293277.0,293817.0,293942.0,287388.1666666667
8,30311.0,308317.0,314558.0,319932.0,324840.0,328654.0,332882.0,335960.0,338111.0,340613.0,340981.0,342034.0,341632.0,330709.5
9,30324.0,677275.0,694900.0,701820.0,708890.0,710113.0,719631.0,724280.0,724133.0,723397.0,721557.0,722731.0,723716.0,712703.5833333334
10,30310.0,341004.0,351284.0,359280.0,366961.0,369924.0,372134.0,371133.0,368232.0,366914.0,364774.0,365323.0,365308.0,363522.5833333333
11,30305.0,1092629.0,1122693.0,1137593.0,1152952.0,1154463.0,1166063.0,1172172.0,1170938.0,1171325.0,1165648.0,1170137.0,1173407.0,1154168.3333333333
12,30309.0,890942.0,917722.0,931517.0,947912.0,953386.0,966703.0,973746.0,971496.0,970172.0,963944.0,965919.0,967229.0,951724.0
13,30306.0,979055.0,998480.0,1012160.0,1025825.0,1034453.0,1046852.0,1052592.0,1052800.0,1051146.0,1047074.0,1050463.0,1055726.0,1033885.5
14,30312.0,543510.0,560479.0,569389.0,577537.0,580796.0,589203.0,595468.0,593044.0,591392.0,586070.0,586576.0,587196.0,580055.0
15,30327.0,1530206.0,,1624057.0,1655176.0,1640636.0,1659905.0,1667851.0,1667134.0,1670794.0,1665709.0,1674735.0,1678294.0,1648590.6363636365
16,30314.0,303977.0,309458.0,313729.0,319033.0,322947.0,325015.0,323380.0,322328.0,323429.0,325267.0,326726.0,326830.0,320176.5833333333
17,30307.0,733121.0,744668.0,754349.0,761429.0,767663.0,773434.0,775043.0,777132.0,777510.0,776299.0,774981.0,778045.0,766139.5
18,30308.0,665575.0,,698006.0,705997.0,697823.0,700988.0,699540.0,693583.0,691084.0,685888.0,690213.0,692817.0,692864.9090909091
19,30354.0,235624.0,239717.0,245979.0,252385.0,259304.0,262769.0,263987.0,265775.0,267374.0,267144.0,266051.0,265082.0,257599.25
20,30317.0,546207.0,552326.0,562197.0,568047.0,575684.0,580694.0,583280.0,584133.0,582442.0,580056.0,577432.0,582469.0,572913.9166666666
21,30313.0,464362.0,473773.0,480242.0,486256.0,490600.0,494549.0,495923.0,492355.0,491790.0,488474.0,490210.0,491686.0,486685.0
22,,,,,,,,,,,,,,
23,,,,,,,,,,,,,,
24,,,,,,,,,,,,,,
25,,,,,,,,,,,,,,
26,30011.0,325446.0,329914.0,337259.0,345589.0,355202.0,361496.0,363667.0,365316.0,364260.0,363346.0,360854.0,360628.0,352748.0833333333
27,30168.0,267557.0,273994.0,281719.0,287841.0,293552.0,297185.0,299829.0,301074.0,301759.0,302593.0,303621.0,303917.0,292886.75
28,30106.0,283567.0,289723.0,297012.0,302498.0,307492.0,310615.0,313276.0,314963.0,316318.0,317061.0,317855.0,317409.0,307315.75
29,30002.0,535414.0,541232.0,545686.0,549173.0,556510.0,564141.0,569782.0,572840.0,573439.0,574324.0,572891.0,573446.0,560739.8333333334
30,30107.0,395420.0,404539.0,414362.0,423287.0,429905.0,434562.0,438204.0,440355.0,441213.0,439746.0,438601.0,435048.0,427936.8333333333
31,30204.0,161480.0,166488.0,168091.0,169831.0,170329.0,172797.0,175380.0,178480.0,180404.0,182397.0,183411.0,184172.0,174438.33333333334
32,30620.0,316114.0,320239.0,327711.0,335612.0,345397.0,351337.0,354439.0,356418.0,354705.0,351979.0,347519.0,347159.0,342385.75
33,30108.0,212512.0,218087.0,223258.0,227000.0,231293.0,235007.0,237306.0,238990.0,240162.0,240489.0,239485.0,239380.0,231914.08333333334
34,30548.0,441482.0,450138.0,457076.0,464632.0,470450.0,477367.0,481057.0,484352.0,485632.0,486535.0,487164.0,486276.0,472680.0833333333
35,30517.0,402247.0,409715.0,415515.0,422930.0,428574.0,435549.0,438877.0,441665.0,442520.0,443135.0,443508.0,442417.0,430554.3333333333
36,30110.0,210653.0,217490.0,220749.0,224107.0,225838.0,229833.0,233768.0,237334.0,238866.0,240439.0,241394.0,241850.0,230193.41666666666
37,30319.0,762123.0,771050.0,779973.0,788078.0,794474.0,802404.0,804732.0,807916.0,805779.0,802992.0,800932.0,802913.0,793613.8333333334
38,30205.0,470099.0,476939.0,483829.0,494261.0,507743.0,517417.0,522024.0,526878.0,527470.0,529268.0,529753.0,532327.0,509834.0
39,30113.0,188716.0,194837.0,197893.0,200951.0,202465.0,206284.0,210134.0,213854.0,215498.0,217427.0,218561.0,219134.0,207146.16666666666
40,30625.0,425606.0,438619.0,444223.0,450882.0,454187.0,461230.0,467463.0,470474.0,470155.0,470969.0,472652.0,474203.0,458388.5833333333
41,30518.0,409517.0,415377.0,422899.0,434378.0,445989.0,453176.0,453190.0,451784.0,450660.0,451437.0,452967.0,451538.0,441076.0
42,30519.0,418426.0,424959.0,433050.0,444964.0,455983.0,463231.0,463319.0,462294.0,460892.0,461220.0,462044.0,459732.0,450842.8333333333
43,30115.0,459702.0,469606.0,481332.0,493180.0,502324.0,508647.0,512733.0,515718.0,517404.0,516734.0,515825.0,513551.0,500563.0
44,30114.0,406329.0,414707.0,424943.0,434969.0,442906.0,448301.0,451991.0,454906.0,456502.0,455865.0,454571.0,451804.0,441482.8333333333
45,30117.0,237349.0,242544.0,247239.0,251847.0,257150.0,262145.0,265648.0,267255.0,268584.0,268031.0,267592.0,266311.0,258474.58333333334
46,30116.0,256345.0,261659.0,266091.0,271420.0,277730.0,283287.0,286817.0,288222.0,289357.0,288621.0,288500.0,287857.0,278825.5
47,30120.0,276051.0,282114.0,287708.0,292354.0,298906.0,306026.0,311289.0,315138.0,317336.0,319916.0,321736.0,323222.0,304316.3333333333
48,30121.0,264753.0,270628.0,275982.0,280779.0,286160.0,292603.0,296859.0,300610.0,302705.0,305603.0,307214.0,307774.0,290972.5
49,30341.0,512766.0,520048.0,526813.0,532482.0,539809.0,548239.0,553021.0,555955.0,554467.0,553721.0,552340.0,554619.0,542023.3333333334
50,30268.0,281472.0,291421.0,300127.0,309111.0,313401.0,318000.0,320553.0,323005.0,324104.0,323874.0,324533.0,325076.0,312889.75
51,30021.0,278474.0,283787.0,285537.0,285932.0,290656.0,297087.0,303719.0,306875.0,308542.0,307869.0,306262.0,305933.0,296722.75
52,30337.0,305913.0,311476.0,317662.0,323513.0,329348.0,334051.0,337163.0,338435.0,339997.0,338791.0,339087.0,338250.0,329473.8333333333
53,,,,,,,,,,,,,,
54,30288.0,205893.0,210574.0,215061.0,219386.0,225776.0,231585.0,233717.0,232503.0,228521.0,226079.0,226108.0,227817.0,223585.0
55,30094.0,301763.0,309176.0,315590.0,319943.0,323304.0,328841.0,333008.0,338016.0,336934.0,335965.0,336023.0,338671.0,326436.1666666667
56,30012.0,243080.0,248954.0,253698.0,256989.0,259891.0,264570.0,268004.0,271622.0,271126.0,270750.0,271477.0,273947.0,262842.3333333333
57,30013.0,304639.0,311849.0,318258.0,322776.0,327019.0,333103.0,337630.0,342054.0,340787.0,339624.0,339595.0,341448.0,329898.5
58,30016.0,261798.0,270651.0,279058.0,286124.0,292379.0,296652.0,299892.0,301793.0,300266.0,296479.0,292609.0,290654.0,289029.5833333333
59,30014.0,268502.0,276354.0,283334.0,289458.0,294286.0,297594.0,299057.0,300176.0,298530.0,295184.0,291753.0,289616.0,290320.3333333333
60,30040.0,513970.0,525279.0,540332.0,556031.0,571011.0,580631.0,585854.0,586820.0,585126.0,583321.0,584921.0,582692.0,566332.3333333334
61,30041.0,555195.0,567762.0,583775.0,600421.0,615710.0,625441.0,629846.0,630190.0,627906.0,625769.0,627635.0,625088.0,609561.5
62,30028.0,469466.0,479843.0,493134.0,507282.0,520464.0,528652.0,533119.0,534229.0,532779.0,530894.0,531782.0,529600.0,515937.0
63,30019.0,418836.0,424887.0,432491.0,443726.0,453983.0,460262.0,459269.0,457140.0,454891.0,454526.0,455067.0,452822.0,447325.0
64,30157.0,301335.0,307587.0,315795.0,323725.0,331975.0,338394.0,341833.0,342360.0,340313.0,336706.0,334985.0,332264.0,328939.3333333333
65,,,,,,,,,,,,,,
66,30534.0,404063.0,416201.0,421621.0,427675.0,430365.0,427528.0,413424.0,399224.0,389912.0,390154.0,390499.0,392086.0,408562.6666666667
67,30032.0,274716.0,280824.0,285401.0,287876.0,292260.0,296469.0,298455.0,299427.0,298334.0,297722.0,297887.0,300439.0,292484.1666666667
68,30034.0,246523.0,253037.0,259052.0,263788.0,268821.0,274109.0,277812.0,280723.0,280552.0,279493.0,278448.0,279388.0,270145.5
69,30033.0,484166.0,492148.0,498915.0,503264.0,508656.0,513768.0,516515.0,518692.0,518137.0,518417.0,517716.0,518877.0,509105.9166666667
70,30030.0,651944.0,658819.0,667235.0,674258.0,679111.0,684054.0,684699.0,687033.0,686242.0,685330.0,683846.0,689496.0,677672.25
71,30135.0,308173.0,315049.0,320294.0,325431.0,330556.0,336637.0,340289.0,343488.0,343672.0,343515.0,342525.0,342772.0,332700.0833333333
72,30134.0,275064.0,281470.0,288133.0,294227.0,299928.0,305030.0,307334.0,309376.0,308819.0,308200.0,307619.0,307089.0,299357.4166666667
73,30096.0,367999.0,372967.0,379009.0,388162.0,397087.0,402436.0,401778.0,399887.0,398482.0,398590.0,399181.0,397737.0,391942.9166666667
74,30097.0,637407.0,650747.0,662177.0,677410.0,692709.0,705970.0,711339.0,710126.0,709327.0,708940.0,712681.0,713709.0,691045.1666666666
75,30338.0,645797.0,657107.0,668178.0,676727.0,685813.0,693194.0,696279.0,697591.0,695134.0,693374.0,691504.0,694425.0,682926.9166666666
76,30360.0,470189.0,480320.0,489100.0,497452.0,505490.0,511831.0,514533.0,514868.0,513240.0,512509.0,512113.0,512220.0,502822.0833333333
77,,,,,,,,,,,,,,
78,30344.0,255632.0,263162.0,269790.0,276400.0,281033.0,284845.0,287590.0,288781.0,290814.0,291797.0,293699.0,294820.0,281530.25
79,30294.0,265064.0,271820.0,278738.0,285002.0,292025.0,298047.0,301661.0,303406.0,301673.0,300563.0,300116.0,301902.0,291668.0833333333
80,30137.0,249063.0,255648.0,261259.0,264713.0,270005.0,278693.0,285254.0,290276.0,292136.0,294452.0,295536.0,298034.0,277922.4166666667
81,,,,,,,,,,,,,,
82,30213.0,298510.0,305776.0,312613.0,320311.0,329538.0,336882.0,341535.0,342833.0,344073.0,343926.0,344694.0,344814.0,330458.75
83,30215.0,395962.0,401797.0,407002.0,414363.0,424304.0,432310.0,437579.0,442097.0,441995.0,441946.0,440575.0,439379.0,426609.0833333333
84,30214.0,338501.0,343130.0,346981.0,352748.0,360811.0,367089.0,370956.0,374788.0,375635.0,376086.0,375246.0,372258.0,362852.4166666667
85,30216.0,141160.0,145598.0,147789.0,150080.0,151825.0,154476.0,157393.0,159739.0,160540.0,161144.0,161111.0,161402.0,154354.75
86,30297.0,151091.0,155869.0,159241.0,160530.0,162975.0,166368.0,168376.0,169480.0,166802.0,165361.0,165470.0,167579.0,163261.83333333334
87,30218.0,184770.0,190946.0,194188.0,197214.0,198457.0,201799.0,205017.0,207637.0,208602.0,209990.0,211361.0,211977.0,201829.83333333334
88,30641.0,375416.0,384804.0,392703.0,399963.0,408454.0,414010.0,415743.0,413406.0,410606.0,409854.0,410344.0,411411.0,403892.8333333333
89,30220.0,215855.0,223026.0,228710.0,233302.0,236018.0,238211.0,240555.0,243749.0,246399.0,246824.0,247620.0,247411.0,237306.66666666666
90,30017.0,406188.0,411878.0,418885.0,429265.0,438933.0,444912.0,444299.0,442795.0,440945.0,440416.0,440685.0,438553.0,433146.1666666667
91,30222.0,140605.0,145296.0,147547.0,149806.0,150905.0,153410.0,156095.0,157621.0,157843.0,158201.0,158941.0,159357.0,152968.91666666666
92,,,,,,,,,,,,,,
93,,,,,,,,,,,,,,
94,30233.0,221161.0,227936.0,231396.0,234975.0,237234.0,241570.0,245615.0,249421.0,250897.0,252577.0,252967.0,253549.0,241608.16666666666
95,30143.0,339874.0,350678.0,355637.0,361033.0,363578.0,370187.0,376306.0,382603.0,382649.0,387864.0,393276.0,394199.0,371490.3333333333
96,30234.0,200932.0,207163.0,210470.0,213470.0,215634.0,219423.0,223086.0,226437.0,228075.0,230086.0,230923.0,232291.0,219832.5
97,30022.0,579941.0,595765.0,605877.0,618838.0,630614.0,645030.0,654582.0,656258.0,658256.0,657231.0,660448.0,662464.0,635442.0
98,30238.0,216269.0,224111.0,231732.0,236830.0,242316.0,247738.0,250959.0,250734.0,245494.0,242062.0,241542.0,242649.0,239369.66666666666
99,30144.0,351520.0,359546.0,369541.0,377054.0,383425.0,386691.0,388682.0,389352.0,389463.0,389303.0,389835.0,389088.0,380291.6666666667
100,30152.0,425026.0,433883.0,445641.0,454772.0,463093.0,466824.0,468835.0,468918.0,468461.0,468351.0,468859.0,467527.0,458349.1666666667
101,30145.0,260038.0,264224.0,268284.0,271420.0,276749.0,282489.0,287522.0,291102.0,293685.0,295698.0,296738.0,297108.0,282088.0833333333
102,30044.0,326281.0,331328.0,337851.0,347518.0,356531.0,362020.0,361818.0,360745.0,359587.0,359355.0,359342.0,357679.0,351671.25
103,30043.0,379332.0,385221.0,392354.0,402597.0,412186.0,418005.0,417617.0,415941.0,414402.0,414333.0,414710.0,412959.0,406638.0833333333
104,30046.0,317285.0,322407.0,328511.0,337494.0,346064.0,351448.0,351687.0,350850.0,349594.0,349270.0,349000.0,347531.0,341761.75
105,30045.0,369011.0,374942.0,382084.0,392119.0,401721.0,407688.0,407700.0,406201.0,404826.0,404779.0,405204.0,403191.0,396622.1666666667
106,30047.0,359251.0,364324.0,370422.0,379597.0,388185.0,393361.0,392062.0,389907.0,387947.0,387704.0,387885.0,385942.0,382215.5833333333
107,30122.0,261354.0,267113.0,271683.0,276331.0,281143.0,286749.0,289154.0,292678.0,292831.0,293649.0,292069.0,292020.0,283064.5
108,30058.0,235216.0,241546.0,247155.0,252145.0,257324.0,262710.0,266294.0,268699.0,268940.0,269416.0,269838.0,271334.0,259218.08333333334
109,30038.0,244510.0,251287.0,257350.0,263040.0,268692.0,274156.0,277856.0,281066.0,282232.0,283288.0,284017.0,285111.0,271050.4166666667
110,30248.0,300229.0,306620.0,313172.0,318927.0,326711.0,332644.0,337380.0,339025.0,339857.0,338959.0,336356.0,334861.0,327061.75
111,30052.0,358019.0,364141.0,370696.0,379154.0,387490.0,393076.0,393538.0,392703.0,391049.0,390373.0,390087.0,388544.0,383239.1666666667
112,30228.0,283243.0,290084.0,297307.0,303339.0,311336.0,318448.0,323503.0,325164.0,323220.0,321516.0,320719.0,321884.0,311646.9166666667
113,30251.0,188260.0,194782.0,197434.0,200263.0,201081.0,204635.0,208144.0,210843.0,211400.0,212323.0,213373.0,214334.0,204739.33333333334
114,30126.0,351027.0,358330.0,367220.0,373610.0,378583.0,380997.0,383050.0,384435.0,385734.0,387011.0,387758.0,387151.0,377075.5
115,30650.0,328300.0,338636.0,343497.0,348877.0,351468.0,357288.0,362525.0,366340.0,367166.0,368656.0,370321.0,371647.0,356226.75
116,31816.0,81228.0,83479.0,84497.0,85606.0,86248.0,87666.0,89060.0,89834.0,89790.0,89834.0,90104.0,90057.0,87283.58333333333
117,30055.0,311571.0,321332.0,327554.0,332626.0,334868.0,338542.0,341567.0,345488.0,345887.0,346017.0,345726.0,346128.0,336442.1666666667
118,30062.0,474052.0,483282.0,494470.0,502805.0,509076.0,511689.0,512450.0,512266.0,512222.0,512903.0,514243.0,514104.0,504463.5
119,30066.0,394679.0,403166.0,413408.0,420924.0,426993.0,429368.0,430283.0,430124.0,430041.0,430224.0,430975.0,429803.0,422499.0
120,30064.0,440830.0,449531.0,460488.0,468647.0,475943.0,479145.0,480881.0,480724.0,480404.0,480399.0,480812.0,479423.0,471435.5833333333
121,30067.0,495922.0,505212.0,516246.0,523600.0,529892.0,532518.0,534020.0,533807.0,534174.0,535429.0,537241.0,537328.0,526282.4166666666
122,30060.0,304788.0,311175.0,318742.0,324553.0,328541.0,330653.0,331705.0,332585.0,334052.0,335534.0,337248.0,337165.0,327228.4166666667
123,30008.0,304010.0,310164.0,317885.0,324240.0,329892.0,333562.0,336147.0,337972.0,339548.0,340481.0,341368.0,340700.0,329664.0833333333
124,30068.0,608352.0,620057.0,633569.0,642681.0,649820.0,652673.0,654466.0,654697.0,655411.0,656055.0,657095.0,656649.0,645127.0833333334
125,30253.0,302504.0,308366.0,314788.0,320513.0,328686.0,334815.0,339470.0,341275.0,342371.0,341972.0,339374.0,337886.0,329335.0
126,30252.0,356225.0,362675.0,369705.0,375727.0,384490.0,391253.0,396297.0,397646.0,397759.0,396721.0,393553.0,392300.0,384529.25
127,30256.0,232856.0,239812.0,242901.0,246311.0,248155.0,253094.0,257937.0,262869.0,264465.0,266370.0,266980.0,267377.0,254093.91666666666
128,30257.0,227443.0,233732.0,236769.0,240140.0,242433.0,246357.0,250135.0,254322.0,256588.0,259274.0,260539.0,261267.0,247416.58333333334
129,30004.0,651588.0,669213.0,683941.0,701893.0,717369.0,732876.0,742028.0,744315.0,746318.0,746363.0,751335.0,752945.0,720015.3333333334
130,30258.0,216034.0,222620.0,225660.0,229474.0,231164.0,235197.0,239237.0,243489.0,244825.0,246114.0,246514.0,247096.0,235618.66666666666
131,30655.0,290498.0,296725.0,301775.0,307437.0,313642.0,317639.0,318145.0,316498.0,314406.0,312905.0,312838.0,312637.0,309595.4166666667
132,31064.0,205628.0,211969.0,214659.0,217752.0,219632.0,223887.0,227721.0,231413.0,232919.0,234839.0,235707.0,236351.0,224373.08333333334
133,30259.0,339585.0,348116.0,357590.0,365687.0,372069.0,375663.0,379432.0,384444.0,388590.0,390173.0,393130.0,394102.0,374048.4166666667
134,30260.0,204450.0,210662.0,216919.0,221030.0,226282.0,231924.0,235078.0,234992.0,230136.0,227101.0,227708.0,229114.0,224616.33333333334
135,30056.0,283606.0,292399.0,298418.0,303348.0,305072.0,307234.0,308281.0,311366.0,310939.0,310379.0,309909.0,309579.0,304210.8333333333
136,30263.0,277017.0,283715.0,290488.0,296200.0,300897.0,304512.0,308055.0,311540.0,314385.0,314249.0,316061.0,316360.0,302789.9166666667
137,30265.0,344616.0,353128.0,362154.0,369909.0,375903.0,380268.0,384143.0,388378.0,391629.0,391110.0,393083.0,392587.0,377242.3333333333
138,30093.0,291079.0,296228.0,301579.0,309085.0,316471.0,321376.0,321730.0,321592.0,321354.0,321341.0,320930.0,319027.0,313482.6666666667
139,30071.0,313405.0,317813.0,323040.0,331081.0,338981.0,343872.0,343772.0,342860.0,342141.0,342061.0,342533.0,342510.0,335339.0833333333
140,30329.0,549771.0,558194.0,565091.0,568866.0,571660.0,575349.0,576117.0,578128.0,576077.0,575693.0,574725.0,575276.0,570412.25
141,30054.0,305590.0,314726.0,322896.0,329987.0,335556.0,339361.0,341044.0,341877.0,340097.0,336261.0,332422.0,329448.0,330772.0833333333
142,30269.0,464967.0,470588.0,474617.0,481637.0,493051.0,502671.0,510223.0,516312.0,517743.0,518779.0,517755.0,516857.0,498766.6666666667
143,30092.0,529680.0,535373.0,542785.0,554889.0,567047.0,574689.0,574416.0,572228.0,570611.0,571658.0,573503.0,569881.0,561396.6666666666
144,30072.0,265962.0,271790.0,277809.0,281201.0,288691.0,295606.0,300885.0,301503.0,297024.0,294210.0,293746.0,299345.0,288981.0
145,30127.0,337014.0,343904.0,352593.0,359190.0,365441.0,368863.0,371015.0,371825.0,371931.0,371482.0,371551.0,370379.0,362932.3333333333
146,30273.0,231490.0,238206.0,245170.0,250512.0,255618.0,260403.0,262351.0,261622.0,256586.0,253407.0,253759.0,255719.0,252070.25
147,30274.0,189039.0,195721.0,201914.0,205438.0,209337.0,213019.0,215165.0,215127.0,211003.0,208073.0,208109.0,210175.0,206843.33333333334
148,30296.0,228319.0,234828.0,240763.0,244143.0,249195.0,254233.0,257172.0,257369.0,253326.0,250546.0,249774.0,250403.0,247505.91666666666
149,30075.0,603723.0,617530.0,628425.0,640023.0,650126.0,660056.0,665489.0,664643.0,663953.0,661241.0,663229.0,664353.0,648565.9166666666
150,30076.0,503620.0,516469.0,525258.0,536306.0,545273.0,555306.0,560785.0,561082.0,562027.0,560751.0,563152.0,564667.0,546224.6666666666
151,30663.0,332003.0,342027.0,346643.0,351720.0,354292.0,360121.0,366034.0,370278.0,371656.0,373369.0,375180.0,376144.0,359955.5833333333
152,30350.0,726823.0,745913.0,758187.0,771672.0,781476.0,793806.0,801712.0,801795.0,804162.0,802298.0,805687.0,807618.0,783429.0833333334
153,30328.0,667136.0,681123.0,688569.0,698497.0,705640.0,714601.0,718363.0,716309.0,716930.0,715796.0,720295.0,722635.0,705491.1666666666
154,30342.0,878509.0,906856.0,917834.0,932864.0,930213.0,941270.0,943850.0,943527.0,944085.0,940736.0,942894.0,945927.0,930713.75
155,30079.0,272672.0,276877.0,280450.0,282653.0,283975.0,286592.0,289017.0,292664.0,294086.0,296666.0,298376.0,300794.0,287901.8333333333
156,30276.0,387217.0,398862.0,409998.0,418896.0,423293.0,427067.0,431724.0,437179.0,441239.0,441191.0,443365.0,443962.0,425332.75
157,31085.0,217071.0,223036.0,225577.0,228093.0,229813.0,234060.0,237038.0,240772.0,241917.0,244710.0,245671.0,246661.0,234534.91666666666
158,30277.0,363921.0,373960.0,383566.0,391516.0,396393.0,400420.0,403926.0,408565.0,412346.0,412262.0,414707.0,414231.0,397984.4166666667
159,30080.0,459102.0,467892.0,478831.0,486515.0,492703.0,495147.0,496540.0,496806.0,497353.0,498162.0,499296.0,498620.0,488913.9166666667
160,30082.0,426106.0,434183.0,443649.0,450654.0,456472.0,459234.0,461194.0,461665.0,462342.0,463020.0,463966.0,463346.0,453819.25
161,30039.0,326674.0,332182.0,338663.0,347577.0,356191.0,361614.0,362013.0,361253.0,360117.0,359369.0,358999.0,357307.0,351829.9166666667
162,30078.0,344682.0,349717.0,355931.0,364847.0,373278.0,378281.0,378242.0,377175.0,376175.0,376019.0,376353.0,374918.0,368801.5
163,30025.0,309127.0,317091.0,324616.0,331850.0,339012.0,344576.0,346641.0,346713.0,344988.0,343685.0,343249.0,342452.0,336166.6666666667
164,30666.0,315348.0,319203.0,326345.0,332878.0,341826.0,346450.0,349280.0,350385.0,349381.0,347465.0,344842.0,345421.0,339068.6666666667
165,30281.0,275730.0,281336.0,287780.0,292747.0,300140.0,305572.0,310146.0,312212.0,313288.0,313020.0,310509.0,309251.0,300977.5833333333
166,30083.0,244257.0,250480.0,255794.0,259659.0,263874.0,269168.0,273340.0,275813.0,275694.0,275339.0,275273.0,276171.0,266238.5
167,30087.0,333924.0,340274.0,346998.0,353964.0,360545.0,365425.0,367367.0,368418.0,368269.0,368213.0,368069.0,368321.0,359148.9166666667
168,30088.0,225534.0,233314.0,240071.0,244822.0,249411.0,254720.0,258192.0,260214.0,259962.0,259675.0,259314.0,259616.0,250403.75
169,30024.0,534467.0,543624.0,555429.0,571098.0,586425.0,596212.0,597678.0,595827.0,593528.0,593445.0,595727.0,593787.0,579770.5833333334
170,30175.0,275812.0,284069.0,289448.0,293789.0,295811.0,299013.0,302822.0,307469.0,309288.0,314728.0,318919.0,319254.0,300868.5
171,30176.0,169758.0,175179.0,177932.0,180678.0,182263.0,185382.0,188692.0,191700.0,193168.0,194646.0,195530.0,196102.0,185919.16666666666
172,30177.0,200572.0,206509.0,209078.0,211678.0,213009.0,215981.0,218912.0,222134.0,222403.0,225733.0,229655.0,229929.0,217132.75
173,30179.0,243980.0,249525.0,254813.0,260963.0,267683.0,273725.0,277911.0,279712.0,280375.0,279090.0,278501.0,277911.0,268682.4166666667
174,30084.0,364593.0,370099.0,374121.0,377880.0,382566.0,387096.0,389132.0,390042.0,388282.0,386347.0,384204.0,384815.0,381598.0833333333
175,30290.0,438910.0,443456.0,447790.0,456105.0,467699.0,476848.0,482599.0,487974.0,489872.0,491175.0,490468.0,488561.0,471788.0833333333
176,30291.0,238301.0,244893.0,250598.0,256768.0,263897.0,270572.0,275450.0,278082.0,280197.0,280408.0,281587.0,282066.0,266901.5833333333
177,30180.0,286025.0,292301.0,297742.0,303908.0,310949.0,317853.0,322409.0,324667.0,325361.0,324730.0,324741.0,324562.0,312937.3333333333
178,30339.0,547878.0,557242.0,571180.0,582004.0,591311.0,593524.0,594578.0,593608.0,593434.0,593175.0,594329.0,593332.0,583799.5833333334
179,30183.0,393727.0,400652.0,409588.0,417268.0,422495.0,425370.0,427509.0,432747.0,436343.0,438330.0,435913.0,431635.0,422631.4166666667
180,31830.0,158552.0,163723.0,166197.0,168771.0,169810.0,172564.0,175313.0,177199.0,177548.0,178053.0,178563.0,178518.0,172067.58333333334
181,30185.0,271921.0,277580.0,282472.0,287835.0,295103.0,301857.0,305812.0,307220.0,307834.0,307249.0,307673.0,306951.0,296625.5833333333
182,30292.0,284390.0,291679.0,296034.0,301189.0,304981.0,310873.0,316185.0,321185.0,322746.0,324416.0,324857.0,325472.0,310333.9166666667
183,30680.0,292611.0,296350.0,303574.0,310615.0,319727.0,325333.0,328051.0,329740.0,327985.0,325680.0,321362.0,320586.0,316801.1666666667
184,30187.0,328649.0,335802.0,341566.0,346503.0,350764.0,356151.0,359829.0,363039.0,362394.0,361686.0,360380.0,360294.0,352254.75
185,30293.0,128761.0,132875.0,134709.0,136147.0,136609.0,138540.0,140902.0,142114.0,142268.0,142628.0,143471.0,143659.0,138556.91666666666
186,30188.0,397518.0,405809.0,415513.0,425487.0,433036.0,438099.0,441414.0,444010.0,445814.0,445350.0,444606.0,442589.0,431603.75
187,30189.0,394899.0,402936.0,412175.0,421470.0,428618.0,433336.0,436145.0,438206.0,439587.0,439285.0,438771.0,436595.0,426835.25
188,30295.0,240051.0,247327.0,250518.0,253994.0,255943.0,260794.0,265247.0,269596.0,271107.0,272847.0,273373.0,273676.0,261206.08333333334
189,30349.0,254047.0,260544.0,265556.0,270217.0,276135.0,281972.0,286104.0,287726.0,288552.0,288156.0,289165.0,289344.0,278126.5
190,30236.0,246077.0,253366.0,260407.0,265664.0,271513.0,277431.0,281048.0,281264.0,276390.0,273078.0,272941.0,274992.0,269514.25
191,30316.0,422264.0,431493.0,437272.0,439478.0,442370.0,445623.0,447812.0,449012.0,449410.0,448669.0,446752.0,446863.0,442251.5
192,30340.0,347283.0,352960.0,356884.0,361718.0,367168.0,373016.0,375623.0,377394.0,376830.0,377259.0,377365.0,379234.0,368561.1666666667
193,30345.0,578064.0,587439.0,594321.0,599754.0,606339.0,613805.0,616447.0,619044.0,616863.0,616222.0,613733.0,615202.0,606436.0833333334
194,30035.0,236088.0,241921.0,246562.0,249906.0,252282.0,256215.0,258799.0,261714.0,263237.0,263754.0,263799.0,263766.0,254836.91666666666
195,30656.0,323908.0,331208.0,337230.0,343704.0,350008.0,354360.0,355426.0,354888.0,353710.0,353030.0,352429.0,351750.0,346804.25
196,30184.0,340251.0,347157.0,354109.0,360271.0,366142.0,371692.0,375839.0,379981.0,382746.0,385244.0,386307.0,386467.0,369683.8333333333
197,30217.0,182801.0,187964.0,190033.0,192460.0,193748.0,196443.0,198120.0,199564.0,199379.0,201043.0,201724.0,202621.0,195491.66666666666
198,30182.0,208848.0,215045.0,219540.0,224132.0,228050.0,233180.0,236460.0,238388.0,238819.0,238637.0,237595.0,236322.0,229584.66666666666
199,30171.0,305933.0,310420.0,315972.0,320939.0,326741.0,331886.0,335571.0,338831.0,339241.0,340322.0,340419.0,340806.0,328923.4166666667
200,30170.0,258157.0,265788.0,270640.0,275338.0,280055.0,285014.0,287849.0,289145.0,289769.0,288806.0,288417.0,288015.0,280582.75
